path,id
asset-manifest.json,qrW5OosyemBWmVJBw-mn9ahw0yQ60SlS-kk-j70YjL8
favicon.ico,NrSIUc9NWNG7gwjcEQNdQYwqNnVxYPkhnR6tAAaO5FA
index.html,hDaN_SiNuNYlR0vdL4sgxXcY54Bgy8vvLf8bBRBQdXs
logo512.png,J2hkvctNC63M0fwTdeuAY0T-rfMnEmnn0T4WpNYeZ0o
robots.txt,WdQ_j2sLyUJwJFT7koBjf9IJX5JNvo5C5VslE_igoLg
manifest.json,-Wh62AT8Zf3Rfwi5zt5nxsDX96tpsqsFJKwhVYkEB1o
static/js/main.dd32f810.js.LICENSE.txt,K54XiAmVLaeYkgZ_ixqzyFlraboVI2xQj38JnyJUwqA
logo192.png,Duh2bcWTstD92GBDj11DLjlVClVLcCrn-6xleTd2gS8
static/js/main.dd32f810.js,6y_2zatffir_NReK036wSg_l3SbG9fZqNCPnC9c9QMk
static/js/main.dd32f810.js.map,iDhlSDn6uPz5z6Ywjh2aIikPbD90XPa1I-2_bF9A4yc
